T [sec],t [sec],a_x [m/s2],a_y [m/s2],a_z [m/s2]
0.0010075569152832031,0.0010144710540771484,-0.2353596,0.2353596,11.924886399999998
0.0009520053863525391,0.0019707679748535156,0.0,0.9414384,7.84532
0.0010170936584472656,0.0029935836791992188,-0.0784532,1.8828768,9.9635564
0.0012271404266357422,0.0042247772216796875,-0.9414384,-1.0198916,11.924886399999998
0.0009710788726806641,0.005197763442993164,0.0,0.2353596,9.1005712
0.0009312629699707031,0.006130218505859375,0.784532,1.0198916,9.9635564
0.0010120868682861328,0.007145404815673828,-1.569064,0.2353596,8.7867584
0.0009975433349609375,0.008144855499267578,-0.9414384,1.2552512,10.1204628
0.0009343624114990234,0.009080648422241211,0.0,1.0198916,10.6696352
0.0009300708770751953,0.010013103485107422,-0.8629851999999999,1.8828768,9.9635564
0.0009272098541259766,0.01094198226928711,0.784532,0.3138128,10.4342756
0.0009267330169677734,0.01186990737915039,-0.7060788,0.9414384,8.0806796
0.0009257793426513672,0.012796878814697266,0.0,0.2353596,10.0420096
0.0009236335754394531,0.013721704483032227,-0.0784532,-0.4707192,12.2386992
0.0009241104125976562,0.01464700698852539,-0.8629851999999999,0.0,10.0420096
0.0009248256683349609,0.015572547912597656,-1.7259703999999998,0.0784532,11.2972608
0.0009725093841552734,0.016548633575439453,-0.4707192,-1.3337044,11.924886399999998
0.001951456069946289,0.018503427505493164,-0.3138128,0.784532,10.3558224
0.0009415149688720703,0.019446611404418945,-1.3337044,1.1767979999999998,10.0420096
0.0009324550628662109,0.020380496978759766,1.1767979999999998,1.2552512,10.5127288
0.0009319782257080078,0.02131366729736328,0.0784532,0.6276256,8.7867584
0.0009324550628662109,0.0222470760345459,-1.6475172,0.3138128,8.1591328
0.0009307861328125,0.023179054260253906,0.0784532,1.1767979999999998,9.1005712
0.0009284019470214844,0.0241086483001709,1.0983448,1.2552512,10.591182
0.0009288787841796875,0.025038957595825195,-2.1182364,0.2353596,10.198916
0.0009286403656005859,0.025989294052124023,-0.4707192,1.2552512,8.4729456
0.0009291172027587891,0.02691936492919922,0.0,-0.0784532,10.6696352
0.0009307861328125,0.027851343154907227,-1.6475172,1.0198916,7.9237732
0.0009284019470214844,0.028780698776245117,0.5491724,0.5491724,10.6696352
0.0009260177612304688,0.029707908630371094,0.4707192,0.0,11.2188076
0.0009257793426513672,0.03063511848449707,-1.0198916,2.1966896,8.7083052
0.0009267330169677734,0.03156280517578125,-1.96133,1.8044235999999998,8.9436648
0.0009291172027587891,0.03249311447143555,0.0,-0.3138128,9.9635564
0.0009319782257080078,0.033426761627197266,-0.0784532,0.0,12.552512
0.0009303092956542969,0.03435802459716797,-0.9414384,1.8044235999999998,9.414383999999998
0.0009260177612304688,0.035284996032714844,0.0,0.6276256,8.1591328
0.0009286403656005859,0.03621482849121094,0.0,0.0,11.6110736
0.0009279251098632812,0.037143707275390625,-0.4707192,2.5105024,8.7867584
0.0009274482727050781,0.03807258605957031,-0.6276256,-0.392266,11.2188076
0.0009260177612304688,0.03899955749511719,0.0,2.5105024,8.7083052
0.0009288787841796875,0.039930105209350586,-0.6276256,0.0,11.2188076
0.000926971435546875,0.04085826873779297,-1.6475172,1.1767979999999998,10.0420096
0.0009262561798095703,0.04178595542907715,-0.1569064,-1.1767979999999998,11.6110736
0.0009267330169677734,0.04271364212036133,0.0,0.6276256,8.5513988
0.0009262561798095703,0.043640851974487305,-0.5491724,0.3138128,10.0420096
0.000926971435546875,0.044568538665771484,-0.0784532,-1.3337044,12.8663248
0.0009264945983886719,0.045496225357055664,-0.3138128,0.3138128,10.6696352
0.0009264945983886719,0.046424150466918945,-1.0983448,-1.2552512,11.924886399999998
0.0009257793426513672,0.04735112190246582,0.0,1.2552512,9.3359308
0.0009262561798095703,0.0482783317565918,-1.4121576,0.1569064,9.414383999999998
0.0009264945983886719,0.04920601844787598,-0.0784532,0.3138128,12.709418399999999
0.0009379386901855469,0.05014491081237793,-0.784532,0.3138128,8.7867584
0.0009312629699707031,0.051077842712402344,0.0,0.6276256,9.414383999999998
0.000926971435546875,0.05200624465942383,-1.2552512,-1.2552512,11.924886399999998
0.0009264945983886719,0.052933692932128906,0.0,1.2552512,8.7083052
0.0009260177612304688,0.05386042594909668,-1.4906107999999998,0.3138128,9.414383999999998
0.0009272098541259766,0.054789066314697266,-0.0784532,0.1569064,12.552512
0.000926971435546875,0.055716753005981445,-1.0198916,0.3138128,8.7867584
0.0009260177612304688,0.056644439697265625,-0.0784532,-0.3138128,10.8265416
0.00092315673828125,0.05756807327270508,0.8629851999999999,1.2552512,9.3359308
0.00092315673828125,0.058492183685302734,-0.0784532,0.0,9.3359308
0.0009233951568603516,0.05941653251647949,0.0,0.7060788,9.649743599999999
0.0009253025054931641,0.06034278869628906,0.6276256,0.6276256,9.9635564
0.0009274482727050781,0.06127119064331055,-1.0983448,0.0,11.2188076
0.0009305477142333984,0.06220388412475586,0.1569064,1.8828768,8.7083052
0.0009264945983886719,0.06313204765319824,-0.0784532,0.0,9.414383999999998
0.0009262561798095703,0.06405973434448242,-1.2552512,1.569064,8.7083052
0.0009298324584960938,0.06499052047729492,-0.4707192,0.6276256,11.924886399999998
0.0009248256683349609,0.06591677665710449,-1.3337044,0.1569064,7.7668668
0.0009257793426513672,0.06684374809265137,0.8629851999999999,0.784532,10.9049948
0.0009262561798095703,0.06777095794677734,-0.6276256,1.2552512,8.7083052
0.0009291172027587891,0.06870126724243164,-1.7259703999999998,1.4906107999999998,8.7867584
0.0009272098541259766,0.06962943077087402,1.1767979999999998,1.2552512,10.5127288
0.0009262561798095703,0.070556640625,-1.3337044,0.5491724,10.0420096
0.0009253025054931641,0.07148289680480957,0.0,0.7060788,9.414383999999998
0.0009262561798095703,0.07241010665893555,-0.7060788,1.6475172,7.9237732
0.0009298324584960938,0.07334136962890625,0.0,0.0,10.0420096
0.0009284019470214844,0.0742805004119873,-1.569064,1.8044235999999998,8.8652116
0.000926971435546875,0.07520842552185059,0.0,0.0,11.454167199999999
0.0009260177612304688,0.07613539695739746,-0.0784532,1.8828768,9.022118
0.0009262561798095703,0.07706284523010254,-0.784532,0.0,10.0420096
0.0009262561798095703,0.07799005508422852,-0.0784532,1.2552512,8.394492399999999
0.0009264945983886719,0.0789179801940918,-1.0198916,0.784532,8.7867584
0.0009274482727050781,0.07984614372253418,0.3138128,0.0,11.2972608
0.0009264945983886719,0.08077359199523926,0.1569064,1.0198916,10.3558224
0.0009262561798095703,0.08170080184936523,-1.7259703999999998,0.0784532,8.7867584
0.0009264945983886719,0.08262825012207031,1.0198916,1.4906107999999998,9.649743599999999
0.0009255409240722656,0.08355522155761719,0.0,0.4707192,8.7867584
0.0009260177612304688,0.08448266983032227,0.0,0.0,11.6110736
0.0009257793426513672,0.08540964126586914,0.3138128,0.6276256,10.0420096
0.000926971435546875,0.08633756637573242,-1.3337044,0.8629851999999999,10.0420096
0.0009262561798095703,0.0872647762298584,0.0,0.0,10.0420096
0.0009300708770751953,0.0881962776184082,0.0,1.1767979999999998,8.7867584
0.0009267330169677734,0.08912467956542969,-0.7060788,1.8828768,9.022118
0.0009260177612304688,0.09005188941955566,-1.96133,1.0198916,10.0420096
0.0009267330169677734,0.09097957611083984,-0.9414384,-1.3337044,10.591182
0.0009262561798095703,0.09190678596496582,0.784532,0.0,8.7083052
0.0009260177612304688,0.0928339958190918,-1.2552512,0.7060788,11.532620399999999
0.0009262561798095703,0.09376120567321777,0.0,0.6276256,9.571290399999999
0.0009262561798095703,0.09468841552734375,-1.4906107999999998,1.1767979999999998,8.8652116
0.0009262561798095703,0.09561610221862793,-1.569064,-1.3337044,11.924886399999998
0.0009243488311767578,0.0965414047241211,0.3138128,0.0,9.9635564
0.0009307861328125,0.0974738597869873,0.7060788,-0.0784532,12.552512
0.0009233951568603516,0.09839820861816406,-0.784532,0.392266,10.0420096
0.0009238719940185547,0.09932327270507812,-1.0983448,1.4121576,10.0420096
0.0009272098541259766,0.10025167465209961,-2.2751428,1.4121576,10.0420096
0.0009288787841796875,0.1011815071105957,1.2552512,0.0,10.8265416
0.0009272098541259766,0.10210967063903809,-1.2552512,1.2552512,8.7867584
0.0009300708770751953,0.1030416488647461,-0.0784532,-0.8629851999999999,12.3956056
0.000926971435546875,0.10397005081176758,-0.9414384,1.6475172,10.0420096
0.0009264945983886719,0.10489797592163086,0.0,0.6276256,7.5315072
0.0009257793426513672,0.10582447052001953,0.0,0.0,11.2972608
0.0009257793426513672,0.1067512035369873,0.6276256,0.0,10.7480884
0.0009257793426513672,0.10767793655395508,-0.3138128,1.4906107999999998,9.414383999999998
0.0009262561798095703,0.10860538482666016,-1.4906107999999998,0.0,8.7867584
0.0009281635284423828,0.10953450202941895,0.5491724,1.8044235999999998,8.7867584
0.0009260177612304688,0.11046147346496582,0.0,0.5491724,10.0420096
0.0009257793426513672,0.1113882064819336,1.2552512,0.0,10.983448000000001
0.0009255409240722656,0.11231493949890137,1.1767979999999998,0.6276256,10.5127288
0.0009272098541259766,0.11324286460876465,-1.4121576,0.2353596,10.0420096
0.0009262561798095703,0.11417031288146973,0.0,0.9414384,10.0420096
0.0009260177612304688,0.1150970458984375,0.0,0.5491724,8.7867584
0.0009272098541259766,0.11602497100830078,0.3138128,0.0,10.6696352
0.0009260177612304688,0.11695241928100586,0.4707192,0.6276256,9.8851032
0.0009257793426513672,0.11787939071655273,-1.96133,0.784532,9.9635564
0.0009255409240722656,0.11880612373352051,0.0,0.0,10.0420096
0.0009248256683349609,0.11973190307617188,0.784532,1.4906107999999998,9.414383999999998
0.0009257793426513672,0.12066483497619629,0.0,0.0,10.0420096
0.0009312629699707031,0.1215975284576416,-2.2751428,0.9414384,10.0420096
0.0009264945983886719,0.12252521514892578,-0.0784532,0.6276256,8.0806796
0.0009260177612304688,0.12345218658447266,-1.569064,0.7060788,10.0420096
0.0009262561798095703,0.12437939643859863,-0.0784532,-0.8629851999999999,12.8663248
0.0009262561798095703,0.1253066062927246,-0.784532,0.6276256,10.0420096
0.0009262561798095703,0.12623381614685059,-0.1569064,-1.4906107999999998,12.2386992
0.0009257793426513672,0.12716054916381836,0.4707192,0.0,10.5127288
0.0009260177612304688,0.12808752059936523,-0.9414384,1.2552512,8.7867584
0.0009264945983886719,0.1290149688720703,-0.7060788,0.784532,11.2972608
0.0009262561798095703,0.1299419403076172,-0.0784532,0.0,11.924886399999998
0.0009262561798095703,0.13086986541748047,-0.3138128,0.0,11.2972608
0.0009260177612304688,0.13179707527160645,-0.6276256,-1.2552512,11.1403544
0.0009267330169677734,0.13272476196289062,0.0,1.8828768,8.7083052
0.0009262561798095703,0.1336519718170166,-1.6475172,0.0,10.198916
0.0009264945983886719,0.13457942008972168,0.2353596,0.3138128,12.3171524
0.0009267330169677734,0.13550710678100586,-1.1767979999999998,0.0,9.1005712
0.0009381771087646484,0.13644671440124512,-0.0784532,-0.1569064,9.9635564
0.0009248256683349609,0.13737249374389648,-1.96133,0.392266,10.0420096
0.0009233951568603516,0.13829684257507324,-1.96133,0.2353596,10.0420096
0.0009241104125976562,0.1392219066619873,-1.6475172,-0.3138128,10.8265416
0.0009284019470214844,0.1401517391204834,0.0,-0.0784532,8.7867584
0.0009276866912841797,0.1410813331604004,0.9414384,1.0983448,11.1403544
0.0009264945983886719,0.14200878143310547,0.0,1.8828768,9.9635564
0.0009262561798095703,0.14293622970581055,-2.4320492,0.9414384,9.1790244
0.000926971435546875,0.14386415481567383,0.0,-1.0198916,11.2972608
0.0009448528289794922,0.14480996131896973,0.0,0.9414384,8.7083052
0.0009276866912841797,0.14573884010314941,-0.1569064,1.2552512,10.0420096
0.000926971435546875,0.1466667652130127,0.392266,0.3138128,10.591182
0.0009267330169677734,0.14759445190429688,-0.9414384,0.0,10.6696352
0.0009272098541259766,0.14852285385131836,-0.0784532,-1.1767979999999998,11.454167199999999
0.0009264945983886719,0.14945030212402344,-0.0784532,1.2552512,7.7668668
0.0009262561798095703,0.15037751197814941,-1.8828768,0.9414384,10.0420096
0.0009260177612304688,0.1513044834136963,-0.0784532,-0.6276256,12.3956056
0.0009255409240722656,0.15223097801208496,-0.8629851999999999,0.6276256,10.0420096
0.0009255409240722656,0.15315771102905273,-0.6276256,-1.0198916,12.552512
0.0009250640869140625,0.1540837287902832,0.6276256,-1.2552512,10.983448000000001
0.0009257793426513672,0.15501070022583008,0.0,0.3138128,8.8652116
0.0009272098541259766,0.15593910217285156,-0.1569064,0.3138128,10.0420096
0.0009229183197021484,0.15686297416687012,1.2552512,0.9414384,10.9049948
0.00092315673828125,0.15778708457946777,-1.2552512,1.2552512,9.1005712
0.0009245872497558594,0.15871262550354004,0.2353596,1.8828768,8.7867584
0.00092315673828125,0.1596364974975586,0.2353596,1.2552512,8.7083052
0.0009264945983886719,0.16056394577026367,-0.0784532,0.9414384,10.198916
0.0009260177612304688,0.16149091720581055,-1.8828768,0.0,10.0420096
0.0009293556213378906,0.16242218017578125,0.3138128,1.4906107999999998,9.022118
0.0009267330169677734,0.16335105895996094,0.0,1.2552512,10.9049948
0.0009267330169677734,0.16427874565124512,-2.1182364,1.7259703999999998,9.022118
0.0009260177612304688,0.1652059555053711,-1.0983448,-0.7060788,11.2972608
0.0009260177612304688,0.16613292694091797,0.0,0.1569064,9.9635564
0.0009260177612304688,0.16705989837646484,0.0,2.1966896,9.3359308
0.0009257793426513672,0.16798663139343262,0.0,0.0,11.846433199999998
0.0009262561798095703,0.16891932487487793,-0.3138128,0.0,11.924886399999998
0.0009257793426513672,0.1698460578918457,0.3138128,0.0,10.3558224
0.0009250640869140625,0.17077207565307617,-0.7060788,1.2552512,8.394492399999999
0.0009255409240722656,0.17169857025146484,-0.1569064,0.6276256,10.0420096
0.0009262561798095703,0.17262625694274902,-0.9414384,0.0,12.552512
0.0009260177612304688,0.1735532283782959,0.0,0.9414384,10.0420096
0.0009264945983886719,0.17448043823242188,-2.1966896,-1.3337044,11.924886399999998
0.0009262561798095703,0.17540764808654785,0.0,0.0,12.081792799999999
0.0009267330169677734,0.17633533477783203,0.2353596,0.784532,8.394492399999999
0.00092315673828125,0.1772594451904297,-0.4707192,0.9414384,10.0420096
0.0009233951568603516,0.17818427085876465,0.392266,0.1569064,11.2188076
0.00092315673828125,0.1791083812713623,0.3138128,0.784532,10.9049948
0.0009248256683349609,0.18003463745117188,0.9414384,0.3138128,11.2188076
0.0009274482727050781,0.18096280097961426,0.2353596,2.5105024,9.1005712
0.000926971435546875,0.18189072608947754,-1.1767979999999998,-0.2353596,11.2972608
0.0009264945983886719,0.18281841278076172,0.6276256,0.3138128,10.4342756
0.0009264945983886719,0.1837458610534668,-0.784532,0.2353596,10.6696352
0.000934600830078125,0.18468117713928223,-0.3138128,-1.0198916,12.552512
0.0009260177612304688,0.1856081485748291,0.4707192,0.0,9.9635564
0.0009264945983886719,0.18653535842895508,-1.0198916,1.2552512,8.7867584
0.0009262561798095703,0.18746256828308105,-0.6276256,0.6276256,11.2972608
0.0009298324584960938,0.18839406967163086,-0.0784532,-1.2552512,11.846433199999998
0.0009267330169677734,0.18932223320007324,-0.2353596,-0.0784532,9.649743599999999
0.0009260177612304688,0.19024920463562012,-1.3337044,2.1966896,8.237585999999999
0.0009264945983886719,0.1911766529083252,-0.9414384,-0.0784532,10.0420096
0.0009326934814453125,0.19211053848266602,-1.6475172,0.0,10.6696352
0.0009262561798095703,0.1930375099182129,0.1569064,0.0,9.9635564
0.0009264945983886719,0.19396495819091797,-1.8828768,1.7259703999999998,11.061901200000001
0.0009255409240722656,0.19489192962646484,0.0,0.0,10.3558224
0.0009276866912841797,0.19582033157348633,-0.0784532,1.8828768,8.9436648
0.00092315673828125,0.19674444198608398,-1.96133,1.0983448,9.414383999999998
0.0009238719940185547,0.19766926765441895,-1.96133,-0.0784532,10.6696352
0.00092315673828125,0.1985936164855957,-1.3337044,0.5491724,8.4729456
0.0009233951568603516,0.19951796531677246,0.5491724,1.4906107999999998,10.0420096
0.0009360313415527344,0.2004549503326416,-0.0784532,-0.9414384,10.4342756
0.000926971435546875,0.20138287544250488,-0.8629851999999999,2.5105024,9.3359308
0.0009264945983886719,0.20231032371520996,-2.2751428,1.1767979999999998,10.0420096
0.0009262561798095703,0.20323729515075684,0.0,0.0,9.9635564
0.0009264945983886719,0.20416522026062012,0.0,1.8828768,9.2574776
0.0009260177612304688,0.205092191696167,-0.784532,0.0,11.76798
0.0009257793426513672,0.20601916313171387,0.0,2.0397832,9.022118
0.0009257793426513672,0.20694613456726074,-1.3337044,1.0983448,8.9436648
0.0009264945983886719,0.20787334442138672,-1.96133,0.0,10.3558224
0.0009253025054931641,0.2087998390197754,0.3138128,0.0,9.9635564
0.0009257793426513672,0.20972681045532227,-1.8828768,1.6475172,11.2188076
0.0009262561798095703,0.21065402030944824,0.0,0.0,10.198916
0.0009262561798095703,0.21158123016357422,0.5491724,1.569064,9.414383999999998
0.0009262561798095703,0.2125082015991211,-1.4121576,1.2552512,8.7083052
0.0009264945983886719,0.21343564987182617,-1.8044235999999998,-0.7060788,11.2188076
0.0009255409240722656,0.21436238288879395,0.0,0.0,9.649743599999999
0.0009324550628662109,0.21529555320739746,-0.5491724,1.1767979999999998,11.2972608
0.0009274482727050781,0.21622395515441895,-0.1569064,0.0,11.454167199999999
0.0009226799011230469,0.2171478271484375,0.3138128,-1.1767979999999998,11.6110736
0.0009267330169677734,0.21807646751403809,0.0,-1.0198916,11.2972608
0.00092315673828125,0.21900129318237305,0.0,1.4906107999999998,9.022118
0.0009248256683349609,0.21992707252502441,0.0,2.5105024,9.649743599999999
0.0009264945983886719,0.2208545207977295,-0.6276256,0.0,11.2188076
0.0009257793426513672,0.22178125381469727,0.0,2.0397832,8.7083052
0.0009262561798095703,0.22270846366882324,-1.3337044,1.0198916,8.8652116
0.0009260177612304688,0.22363543510437012,-1.6475172,-0.4707192,10.591182
0.0009257793426513672,0.2245621681213379,0.3138128,0.0,9.9635564
0.0009260177612304688,0.22548913955688477,-1.8828768,1.4121576,11.2188076
0.0009257793426513672,0.22641587257385254,0.0,0.0,10.3558224
0.0009272098541259766,0.22734403610229492,-0.0784532,1.8828768,8.629852
0.000926971435546875,0.2282721996307373,-1.96133,1.1767979999999998,9.414383999999998
0.0009262561798095703,0.22919940948486328,0.0,-0.6276256,10.7480884
0.0009257793426513672,0.23012614250183105,0.0,1.2552512,8.7867584
0.0009274482727050781,0.23105454444885254,-0.4707192,0.0,11.76798
0.0009260177612304688,0.23198151588439941,0.0,1.4121576,9.9635564
0.0009262561798095703,0.2329084873199463,-2.1182364,1.4121576,8.8652116
0.0009262561798095703,0.23383545875549316,-1.8044235999999998,-0.0784532,10.3558224
0.0009262561798095703,0.23476266860961914,0.0,0.0,9.9635564
0.0009262561798095703,0.23568987846374512,0.0,2.5105024,9.2574776
0.0009248256683349609,0.2366161346435547,-0.6276256,0.0,11.2188076
0.00092315673828125,0.23754000663757324,0.392266,1.8828768,9.571290399999999
0.00092315673828125,0.23846435546875,0.784532,0.784532,9.571290399999999
0.0009286403656005859,0.239393949508667,1.8828768,0.0,10.4342756
0.0009257793426513672,0.24032092094421387,-0.6276256,-0.7060788,10.3558224
0.0009262561798095703,0.24124860763549805,0.0,0.9414384,9.9635564
0.0009264945983886719,0.24217653274536133,-1.8828768,0.0784532,10.0420096
0.0009264945983886719,0.2431037425994873,1.2552512,0.1569064,10.1204628
0.0009262561798095703,0.24403095245361328,-0.0784532,1.2552512,8.316039199999999
0.0009264945983886719,0.24495840072631836,-2.2751428,-0.1569064,11.2188076
0.0009260177612304688,0.24588537216186523,0.0,0.0,10.0420096
0.0009257793426513672,0.246812105178833,-0.3138128,1.1767979999999998,11.2972608
0.0009257793426513672,0.24773883819580078,0.0,0.0,11.2972608
0.0009353160858154297,0.24867534637451172,-0.0784532,0.0,10.9049948
0.0009257793426513672,0.2496020793914795,-0.0784532,0.6276256,8.394492399999999
0.0009260177612304688,0.25052905082702637,-1.2552512,1.0983448,8.7867584
0.0009284019470214844,0.25145888328552246,-0.0784532,-0.4707192,12.552512
0.000926971435546875,0.25238800048828125,-0.784532,1.569064,10.6696352
0.0009255409240722656,0.253314733505249,0.2353596,0.0,7.9237732
0.0009260177612304688,0.2542426586151123,-1.3337044,0.392266,8.394492399999999
0.0009260177612304688,0.2551696300506592,0.0,-0.7060788,10.983448000000001
0.000926971435546875,0.25609779357910156,0.2353596,1.1767979999999998,10.6696352
0.0009224414825439453,0.257021427154541,-1.3337044,0.0,8.0806796
0.0009233951568603516,0.2579457759857178,1.0983448,-0.0784532,11.924886399999998
0.00092315673828125,0.25887012481689453,-1.569064,-1.6475172,12.552512
0.0009241104125976562,0.2597951889038086,-1.569064,-1.0198916,11.924886399999998
0.0009267330169677734,0.2607228755950928,0.0,-0.392266,10.983448000000001
0.0009260177612304688,0.26164984703063965,0.0,1.2552512,8.5513988
0.0009312629699707031,0.26258230209350586,-0.3138128,0.0,12.160245999999999
0.0009267330169677734,0.26350998878479004,0.6276256,0.0,12.552512
0.0009341239929199219,0.26444506645202637,0.9414384,0.0,11.061901200000001
0.0009250640869140625,0.26537132263183594,0.9414384,0.0,10.7480884
0.0009255409240722656,0.2662980556488037,0.1569064,1.0198916,10.3558224
0.0009257793426513672,0.2672245502471924,-1.8044235999999998,0.5491724,8.7867584
0.0009257793426513672,0.26815152168273926,1.0983448,1.8044235999999998,9.7281968
0.0009255409240722656,0.26907801628112793,0.0,0.6276256,7.9237732
0.0009260177612304688,0.2700049877166748,-0.9414384,0.0,10.6696352
0.0009257793426513672,0.2709317207336426,0.1569064,0.0,10.5127288
0.0009255409240722656,0.27185821533203125,-0.1569064,1.4906107999999998,9.7281968
0.0009255409240722656,0.2727847099304199,-1.3337044,0.1569064,7.7668668
0.0009250640869140625,0.2737107276916504,0.8629851999999999,1.2552512,9.8851032
0.0009253025054931641,0.27463746070861816,0.0,1.8828768,8.7083052
0.0009257793426513672,0.27556490898132324,-1.7259703999999998,1.8828768,8.394492399999999
0.0009248256683349609,0.2764906883239746,-0.9414384,0.0,10.7480884
0.00092315673828125,0.27741527557373047,0.7060788,0.1569064,12.552512
0.00092315673828125,0.2783396244049072,-0.4707192,0.4707192,9.1005712
0.0009233951568603516,0.279263973236084,-0.9414384,1.7259703999999998,9.3359308
0.0009248256683349609,0.28018975257873535,-1.4121576,1.8828768,8.7083052
0.0009264945983886719,0.28111720085144043,-1.96133,1.8044235999999998,9.1005712
0.0009267330169677734,0.2820448875427246,0.0,-0.3138128,9.9635564
0.0009260177612304688,0.2829718589782715,0.1569064,2.5105024,9.1790244
0.0009267330169677734,0.28389954566955566,-0.6276256,0.0,11.454167199999999
0.0009257793426513672,0.28482651710510254,0.0,1.8828768,9.1790244
0.0009255409240722656,0.2857534885406494,-1.3337044,1.4906107999999998,9.492837199999999
0.0009267330169677734,0.28668689727783203,-0.8629851999999999,1.2552512,8.629852
0.0009262561798095703,0.287614107131958,-0.784532,0.6276256,11.2972608
0.0009288787841796875,0.28855156898498535,-0.0784532,-1.0983448,12.003339599999999
0.0009279251098632812,0.28948163986206055,-1.0198916,0.0,11.2188076
0.0009260177612304688,0.2904093265533447,-0.392266,2.5105024,8.7083052
0.0009260177612304688,0.2913365364074707,-1.96133,0.784532,10.0420096
0.0009262561798095703,0.2922639846801758,0.0,-1.0198916,10.9049948
0.0009253025054931641,0.29319047927856445,0.6276256,0.0,8.7083052
0.0009253025054931641,0.29411745071411133,-1.2552512,0.4707192,11.846433199999998
0.0009253025054931641,0.2950439453125,0.0,0.3138128,10.0420096
0.0009274482727050781,0.2959725856781006,-1.0198916,1.8828768,9.1005712
0.0009222030639648438,0.29689574241638184,-1.96133,0.0,10.983448000000001
0.00092315673828125,0.2978198528289795,-1.96133,-0.0784532,11.1403544
0.0009229183197021484,0.29874372482299805,-1.3337044,0.5491724,8.7867584
0.00092315673828125,0.2996680736541748,0.7060788,1.8044235999999998,10.0420096
0.0009267330169677734,0.3005962371826172,-0.0784532,0.0,10.5127288
0.0009262561798095703,0.30152344703674316,-1.3337044,0.784532,7.5315072
0.0009253025054931641,0.30244994163513184,-1.6475172,0.1569064,10.277369199999999
0.0009255409240722656,0.3033764362335205,-0.0784532,-0.0784532,11.924886399999998
0.0009257793426513672,0.3043031692504883,-0.0784532,0.0,9.9635564
0.0009253025054931641,0.30522990226745605,-0.0784532,0.0784532,12.552512
0.0009260177612304688,0.30615687370300293,-0.6276256,0.0,10.8265416
0.0009248256683349609,0.3070826530456543,0.0,1.8828768,8.7083052
0.0009255409240722656,0.30800938606262207,-1.0198916,0.6276256,8.9436648
0.0009260177612304688,0.30893635749816895,-0.3138128,0.3138128,12.552512
0.0009310245513916016,0.30986857414245605,-0.2353596,0.7060788,10.0420096
0.000926971435546875,0.31079649925231934,-0.7060788,-0.0784532,9.022118
0.0009260177612304688,0.3117234706878662,-0.7060788,1.0983448,8.1591328
0.0009255409240722656,0.312650203704834,-0.6276256,-0.6276256,10.3558224
0.0009262561798095703,0.31357741355895996,0.0784532,-0.0784532,10.3558224
0.0009257793426513672,0.31450390815734863,-0.392266,0.9414384,8.7083052
0.0009262561798095703,0.3154313564300537,0.0,0.784532,11.2972608
0.0009267330169677734,0.3163595199584961,0.2353596,0.0,7.9237732
0.0009238719940185547,0.31728434562683105,-1.3337044,0.1569064,8.4729456
0.0009233951568603516,0.3182086944580078,-1.6475172,0.5491724,10.0420096
0.00092315673828125,0.31913328170776367,-0.5491724,0.0,10.1204628
0.0009253025054931641,0.32005953788757324,1.8828768,0.8629851999999999,11.532620399999999
0.0009257793426513672,0.3209869861602783,0.0,1.2552512,10.0420096
0.0009260177612304688,0.3219141960144043,-2.2751428,0.0,10.6696352
0.0009257793426513672,0.32284116744995117,-1.0983448,-1.3337044,12.2386992
0.0009267330169677734,0.32376885414123535,0.3138128,0.2353596,9.3359308
0.0009267330169677734,0.32469654083251953,-0.1569064,0.6276256,10.0420096
0.0009267330169677734,0.3256242275238037,0.2353596,0.1569064,10.1204628
0.0009257793426513672,0.3265511989593506,-1.0983448,0.0,11.454167199999999
0.0009257793426513672,0.32747817039489746,-0.3138128,-1.1767979999999998,11.924886399999998
0.0009260177612304688,0.32840538024902344,1.4121576,0.0,9.9635564
0.0009307861328125,0.32933759689331055,0.0,1.4121576,8.9436648
0.0009264945983886719,0.33026552200317383,-1.3337044,1.0983448,8.7083052
0.0009262561798095703,0.3311929702758789,0.0784532,0.784532,10.3558224
0.0009257793426513672,0.3321197032928467,0.2353596,0.0,7.6884136
0.0009257793426513672,0.33304667472839355,-1.6475172,0.3138128,8.7867584
0.0009272098541259766,0.3339812755584717,-1.4121576,2.1966896,8.7867584
0.0009264945983886719,0.33490872383117676,-0.9414384,-0.5491724,11.1403544
0.0009276866912841797,0.33583736419677734,0.9414384,1.2552512,9.649743599999999
0.0009229183197021484,0.3367612361907959,-0.784532,0.0,11.2188076
0.0009233951568603516,0.33768582344055176,1.2552512,0.2353596,10.983448000000001
0.0009233951568603516,0.3386101722717285,1.2552512,0.0,10.983448000000001
0.0009236335754394531,0.3395347595214844,0.9414384,-1.2552512,11.061901200000001
0.0009276866912841797,0.34046339988708496,0.4707192,1.2552512,10.591182
0.0009260177612304688,0.34139037132263184,-1.3337044,0.0,10.0420096
0.0009257793426513672,0.3423171043395996,-0.0784532,0.9414384,9.80665
0.0009257793426513672,0.3432438373565674,-0.0784532,1.2552512,8.0806796
0.0009264945983886719,0.34417128562927246,-1.3337044,0.3138128,8.7867584
0.0009248256683349609,0.34509730339050293,0.0,-0.0784532,10.3558224
0.0009255409240722656,0.3460242748260498,-0.0784532,0.3138128,10.277369199999999
0.0009255409240722656,0.3469505310058594,-0.6276256,0.3138128,10.6696352
0.0009257793426513672,0.34787774085998535,-0.0784532,-1.2552512,11.2972608
0.0009255409240722656,0.348804235458374,0.8629851999999999,0.0,9.1790244
0.0009255409240722656,0.3497309684753418,-1.2552512,1.2552512,8.7867584
0.0009255409240722656,0.35065770149230957,-0.8629851999999999,0.6276256,10.6696352
0.0009253025054931641,0.35158419609069824,-0.1569064,-1.3337044,13.1801376
0.0009253025054931641,0.3525104522705078,-0.1569064,0.6276256,10.0420096
0.0009253025054931641,0.3534367084503174,-1.7259703999999998,-1.0198916,11.2972608
0.0009260177612304688,0.35436367988586426,-1.569064,-1.3337044,11.924886399999998
0.0009257793426513672,0.35529065132141113,0.0,0.0,9.9635564
0.0009267330169677734,0.3562183380126953,0.0,1.8828768,9.1790244
0.0009284019470214844,0.3571479320526123,0.2353596,0.0784532,11.846433199999998
0.0009243488311767578,0.35807323455810547,-0.3138128,0.0,12.552512
0.0009229183197021484,0.3589973449707031,-1.2552512,0.0,11.2972608
0.0009248256683349609,0.3599233627319336,-1.8044235999999998,0.5491724,10.0420096
0.0009257793426513672,0.36085033416748047,0.0,0.0,9.9635564
0.0009255409240722656,0.36177706718444824,0.6276256,1.8828768,9.649743599999999
0.0009257793426513672,0.3627042770385742,-0.784532,0.0,11.454167199999999
0.0009257793426513672,0.3636312484741211,1.0983448,1.2552512,9.9635564
0.0009257793426513672,0.36455821990966797,0.0784532,1.569064,8.4729456
0.0009260177612304688,0.36548566818237305,-1.96133,0.784532,10.198916
0.0009257793426513672,0.3664126396179199,0.0,0.0,11.1403544
0.0009253025054931641,0.3673388957977295,0.0,1.4121576,10.3558224
0.0009253025054931641,0.36826539039611816,-1.8828768,0.0784532,10.0420096
0.0009253025054931641,0.36919164657592773,1.4121576,0.0,10.8265416
0.0009253025054931641,0.3701179027557373,0.6276256,0.1569064,10.6696352
0.0009245872497558594,0.37104368209838867,-0.0784532,0.9414384,10.3558224
0.0009255409240722656,0.37197041511535645,-1.3337044,1.0983448,7.9237732
0.0009255409240722656,0.3728973865509033,0.3138128,1.1767979999999998,9.1005712
0.0009336471557617188,0.3738367557525635,0.0,0.3138128,7.5315072
0.0009274482727050781,0.37476682662963867,-0.0784532,0.0,11.061901200000001
0.0009260177612304688,0.37569379806518555,-0.0784532,1.2552512,7.7668668
0.0009248256683349609,0.3766195774078369,-1.8828768,1.0198916,10.0420096
0.0009233951568603516,0.37754392623901367,-0.1569064,0.0,11.924886399999998
0.0009243488311767578,0.37846946716308594,-0.784532,0.0,9.3359308
0.0009250640869140625,0.3793954849243164,-1.4906107999999998,1.4906107999999998,8.8652116
0.0009248256683349609,0.3803215026855469,-0.784532,1.0983448,9.2574776
0.0009279251098632812,0.3812563419342041,-0.9414384,1.2552512,8.394492399999999
0.0009260177612304688,0.3821837902069092,-0.784532,0.6276256,11.2972608
0.0009260177612304688,0.38311100006103516,-0.0784532,0.0,11.532620399999999
0.0009262561798095703,0.38403820991516113,-0.3138128,0.0,12.552512
0.0009260177612304688,0.384965181350708,-0.6276256,-0.6276256,11.061901200000001
0.0009253025054931641,0.3858916759490967,0.0,1.8828768,9.649743599999999
0.0009260177612304688,0.38681888580322266,-1.4906107999999998,0.1569064,9.1005712
0.0009260177612304688,0.38774609565734863,-0.0784532,0.2353596,12.552512
0.0009367465972900391,0.3886837959289551,-0.5491724,0.6276256,10.3558224
0.0009255409240722656,0.38961029052734375,-1.8828768,0.0,10.0420096
0.0009255409240722656,0.3905370235443115,1.569064,0.0,10.5127288
0.0009255409240722656,0.3914637565612793,0.2353596,1.569064,9.022118
0.0009260177612304688,0.3923909664154053,-1.96133,0.7060788,10.6696352
0.0009250640869140625,0.39331722259521484,0.0,0.0,10.0420096
0.0009260177612304688,0.3942444324493408,0.4707192,1.7259703999999998,10.0420096
0.0009255409240722656,0.3951714038848877,0.0,0.0,11.2972608
0.0009267330169677734,0.3960990905761719,1.2552512,0.0,11.924886399999998
0.00092315673828125,0.39702320098876953,0.0784532,2.5105024,9.1005712
0.0009233951568603516,0.3979475498199463,-0.784532,1.6475172,9.7281968
0.0009229183197021484,0.39887189865112305,-0.7060788,0.0,9.3359308
0.0009243488311767578,0.3997974395751953,0.6276256,0.0,11.924886399999998
0.0009260177612304688,0.4007244110107422,-1.2552512,-1.8044235999999998,11.924886399999998
0.0009257793426513672,0.40165114402770996,0.0,0.3138128,11.2188076
0.0009260177612304688,0.40257811546325684,-0.7060788,0.6276256,8.9436648
0.0009260177612304688,0.4035050868988037,-0.6276256,0.0,11.2972608
0.0009365081787109375,0.40444254875183105,-0.1569064,0.6276256,10.0420096
0.000926971435546875,0.40537071228027344,0.0,0.0784532,9.414383999999998
0.0009255409240722656,0.4062974452972412,0.9414384,0.3138128,10.3558224
0.0009253025054931641,0.4072237014770508,0.2353596,1.2552512,8.9436648
0.0009255409240722656,0.40815043449401855,-1.4906107999999998,0.7060788,9.9635564
0.0009250640869140625,0.4090769290924072,-1.8828768,0.0,9.414383999999998
0.0009255409240722656,0.4100031852722168,0.784532,1.8044235999999998,10.0420096
0.0009260177612304688,0.4109303951263428,0.0,0.1569064,10.0420096
0.0009257793426513672,0.41185712814331055,0.0,0.0,11.2972608
0.0009255409240722656,0.4127836227416992,0.6276256,0.6276256,10.0420096
0.0009257793426513672,0.413710355758667,-1.1767979999999998,1.0198916,9.3359308
0.0009512901306152344,0.41466331481933594,0.0,0.0,10.0420096
0.0010821819305419922,0.41575050354003906,0.0,0.0,10.198916
0.0011284351348876953,0.4168825149536133,-1.0198916,1.8828768,8.7083052
0.0010080337524414062,0.417893648147583,-0.0784532,0.0,12.2386992
0.000989675521850586,0.4188854694366455,-0.0784532,0.9414384,10.591182
0.0010063648223876953,0.4198944568634033,-0.0784532,0.784532,11.6110736
0.0009958744049072266,0.42089319229125977,0.0,0.0,8.237585999999999
0.0009438991546630859,0.42183923721313477,0.0,0.6276256,9.492837199999999
0.0009388923645019531,0.42277979850769043,-1.0198916,0.8629851999999999,8.7867584
0.0009496212005615234,0.42373180389404297,0.0,1.7259703999999998,8.8652116
0.0010356903076171875,0.4247710704803467,0.0,1.7259703999999998,8.394492399999999
0.0010228157043457031,0.4257965087890625,1.1767979999999998,0.6276256,11.924886399999998
0.0009963512420654297,0.42679715156555176,0.0,1.1767979999999998,9.7281968
0.0009686946868896484,0.42777490615844727,0.0,0.3138128,10.0420096
0.0009315013885498047,0.4287075996398926,-0.784532,0.0,9.9635564
0.0009281635284423828,0.429642915725708,-0.7060788,0.0,7.9237732
0.0009264945983886719,0.4305708408355713,-1.0198916,0.0,10.0420096
0.0009264945983886719,0.43149828910827637,0.6276256,0.0,10.3558224
0.0009286403656005859,0.43242788314819336,-1.0198916,1.0983448,10.0420096
0.0009260177612304688,0.43335509300231934,0.0,0.0,10.6696352
0.0009253025054931641,0.4342813491821289,0.0,1.1767979999999998,10.0420096
0.0009260177612304688,0.435208797454834,0.0,0.0784532,11.2972608
0.0009264945983886719,0.43613624572753906,0.9414384,0.6276256,10.4342756
0.0009262561798095703,0.43706345558166504,-0.0784532,1.2552512,10.0420096
0.0009264945983886719,0.4379911422729492,-0.8629851999999999,0.0,11.2972608
0.0009260177612304688,0.4389181137084961,0.0,1.2552512,9.8851032
0.0009264945983886719,0.43984532356262207,-1.8828768,0.0784532,10.0420096
0.0009262561798095703,0.44077253341674805,1.1767979999999998,0.3138128,10.3558224
0.0009262561798095703,0.441699743270874,-0.0784532,1.8828768,8.316039199999999
0.0009253025054931641,0.4426262378692627,-1.4906107999999998,-0.2353596,10.8265416
0.0009255409240722656,0.44355273246765137,0.0,0.0,10.0420096
0.0009336471557617188,0.4444873332977295,-0.0784532,1.6475172,10.0420096
0.0009255409240722656,0.44541430473327637,-0.5491724,0.9414384,10.0420096
0.0009264945983886719,0.44634222984313965,0.0,-1.3337044,11.924886399999998
0.0009257793426513672,0.4472692012786865,1.569064,0.0,9.9635564
0.0009260177612304688,0.4481964111328125,0.0,1.4121576,8.8652116
0.0009260177612304688,0.4491233825683594,-0.0784532,0.0,11.924886399999998
0.0009253025054931641,0.45004987716674805,-0.8629851999999999,0.3138128,10.0420096
0.0009253025054931641,0.4509766101837158,-1.6475172,0.2353596,10.3558224
0.0009267330169677734,0.451904296875,-0.8629851999999999,-1.3337044,11.2972608
0.0009255409240722656,0.4528372287750244,0.3138128,0.0,9.022118
0.0009267330169677734,0.4537651538848877,0.0784532,1.1767979999999998,10.3558224
0.0009262561798095703,0.45469236373901367,-1.3337044,0.1569064,7.7668668
0.0009260177612304688,0.45561933517456055,1.0983448,1.2552512,9.8851032
0.0009267330169677734,0.45654726028442383,0.0,1.8828768,8.0806796
0.0009262561798095703,0.4574747085571289,0.0,0.2353596,10.3558224
0.0009248256683349609,0.4584007263183594,1.569064,0.0,11.1403544
0.0009257793426513672,0.45932745933532715,-0.3138128,1.569064,9.022118
0.0009262561798095703,0.4602546691894531,-0.6276256,0.0,10.0420096
0.0009257793426513672,0.4611814022064209,0.5491724,0.784532,9.649743599999999
0.0009262561798095703,0.4621086120605469,-0.392266,1.2552512,8.0806796
0.0009255409240722656,0.46303510665893555,-1.3337044,0.0,10.0420096
0.0009260177612304688,0.4639620780944824,-0.784532,0.3138128,10.3558224
0.0009288787841796875,0.4648919105529785,-1.3337044,1.0983448,8.0806796
0.0009262561798095703,0.4658191204071045,0.3138128,1.1767979999999998,9.7281968
0.0009257793426513672,0.46674585342407227,0.0,0.4707192,7.6884136
0.0009267330169677734,0.46767354011535645,-1.569064,0.0,10.0420096
0.0009267330169677734,0.4686012268066406,0.6276256,0.0,10.277369199999999
0.0009236335754394531,0.4695260524749756,-0.5491724,1.1767979999999998,9.7281968
0.0009243488311767578,0.47045135498046875,-0.7060788,0.0,8.7083052
0.0009233951568603516,0.4713759422302246,0.784532,0.0784532,11.924886399999998
0.0009253025054931641,0.4723024368286133,-1.7259703999999998,-1.2552512,12.081792799999999
0.0009272098541259766,0.47323060035705566,0.0,0.0,11.532620399999999
0.0009260177612304688,0.47415757179260254,-1.0198916,0.7060788,8.9436648
0.0009257793426513672,0.4750840663909912,-0.3138128,0.3138128,12.552512
0.0009260177612304688,0.4760112762451172,-0.392266,0.784532,10.0420096
0.0009267330169677734,0.4769446849822998,-1.3337044,-0.0784532,8.7083052
0.0009262561798095703,0.4778721332550049,-0.7060788,1.1767979999999998,8.394492399999999
0.0009264945983886719,0.47879981994628906,0.0,0.0,11.2972608
0.0009257793426513672,0.47972679138183594,0.6276256,0.8629851999999999,10.6696352
0.0009262561798095703,0.4806540012359619,-1.3337044,0.8629851999999999,7.9237732
0.0009262561798095703,0.481581449508667,0.3138128,1.1767979999999998,9.1005712
0.0009260177612304688,0.48250889778137207,-1.0198916,0.8629851999999999,7.5315072
0.0009255409240722656,0.48343563079833984,0.0,-0.9414384,10.6696352
0.0009255409240722656,0.4843621253967285,0.3138128,0.0,10.6696352
0.0009255409240722656,0.4852888584136963,-0.0784532,1.4906107999999998,9.7281968
0.0009334087371826172,0.4862236976623535,-1.0198916,0.0784532,8.1591328
0.0009288787841796875,0.48716139793395996,0.0,1.4121576,10.8265416
0.000926971435546875,0.48808932304382324,0.2353596,0.3138128,7.7668668
0.00092315673828125,0.4890134334564209,-1.1767979999999998,0.2353596,8.7867584
0.0009233951568603516,0.48993802070617676,-1.6475172,0.392266,10.0420096
0.0009224414825439453,0.4908616542816162,-0.4707192,0.0,10.0420096
0.0009253025054931641,0.4917879104614258,1.2552512,0.8629851999999999,11.532620399999999
0.000926971435546875,0.49271607398986816,0.0,1.2552512,9.571290399999999
0.0009262561798095703,0.49364328384399414,-1.96133,0.0,10.198916
0.0009260177612304688,0.494570255279541,0.0,-1.6475172,12.2386992
0.0009260177612304688,0.4954972267150879,0.6276256,0.3138128,9.022118
0.000926971435546875,0.49642515182495117,-0.3138128,1.569064,10.0420096
0.0009257793426513672,0.49735188484191895,0.5491724,0.1569064,10.591182
0.0009255409240722656,0.4982783794403076,-0.784532,1.2552512,10.198916
0.0009253025054931641,0.4992046356201172,-1.8828768,0.1569064,11.2972608
0.0009305477142333984,0.5001363754272461,0.0,-1.0198916,11.2972608
0.0009262561798095703,0.5010635852813721,-1.8828768,0.9414384,10.0420096
0.0009257793426513672,0.501990556716919,-0.0784532,-0.5491724,12.081792799999999
0.0009257793426513672,0.5029175281524658,-0.6276256,0.6276256,10.0420096
0.0009260177612304688,0.5038449764251709,-0.0784532,-1.6475172,12.2386992
0.0009255409240722656,0.5047714710235596,0.3138128,0.0,10.1204628
0.0009260177612304688,0.5056989192962646,-1.2552512,1.569064,8.9436648
0.0009255409240722656,0.5066258907318115,-0.4707192,0.6276256,11.2972608
0.0009264945983886719,0.5075533390045166,-0.0784532,-1.2552512,11.532620399999999
0.0009257793426513672,0.5084800720214844,-0.1569064,0.3138128,11.924886399999998
0.0009238719940185547,0.5094048976898193,-0.6276256,-1.2552512,11.6110736
0.0009233951568603516,0.5103292465209961,0.0,-1.1767979999999998,11.924886399999998
0.0009229183197021484,0.5112535953521729,0.0,-0.4707192,10.4342756
0.0009241104125976562,0.5121786594390869,0.0,0.0,9.414383999999998
0.000926971435546875,0.5131065845489502,-0.4707192,1.7259703999999998,10.0420096
0.0009257793426513672,0.5140335559844971,0.0,0.0,11.2972608
0.0009250640869140625,0.5149598121643066,0.784532,0.784532,9.9635564
0.0009260177612304688,0.5158867835998535,0.0,2.5105024,8.7867584
0.0009260177612304688,0.5168137550354004,-1.3337044,0.2353596,10.983448000000001
0.0009253025054931641,0.51774001121521,0.0,0.0,10.6696352
0.0009255409240722656,0.5186665058135986,0.0,1.1767979999999998,9.1005712
0.0009255409240722656,0.5195932388305664,0.0,0.5491724,10.3558224
0.0009262561798095703,0.5205204486846924,0.6276256,0.0,11.2972608
0.0009260177612304688,0.5214474201202393,1.1767979999999998,0.9414384,10.277369199999999
0.0009255409240722656,0.5223739147186279,-1.3337044,0.8629851999999999,8.9436648
0.0009253025054931641,0.5233001708984375,0.0,0.6276256,10.0420096
0.0009264945983886719,0.5242328643798828,0.0,0.0,9.1005712
0.0009257793426513672,0.5251598358154297,-0.0784532,1.8828768,9.2574776
0.0009260177612304688,0.5260868072509766,-1.3337044,1.2552512,8.9436648
0.0009257793426513672,0.5270142555236816,-1.96133,-0.1569064,11.2188076
0.000926971435546875,0.5279421806335449,0.0,0.0,10.0420096
0.00092315673828125,0.5288662910461426,-0.1569064,1.1767979999999998,11.2972608
0.0009236335754394531,0.5297908782958984,0.0,0.0,11.2972608
0.0009226799011230469,0.5307149887084961,0.0,0.0,11.2972608
0.0009233951568603516,0.5316393375396729,-1.0983448,0.0,10.8265416
0.0009267330169677734,0.532567024230957,-0.3138128,0.9414384,11.924886399999998
0.0009257793426513672,0.5334937572479248,-0.0784532,0.0,9.9635564
0.0009267330169677734,0.534421443939209,0.5491724,0.0784532,12.2386992
0.0009255409240722656,0.5353479385375977,0.0,1.2552512,9.9635564
0.0009260177612304688,0.5362751483917236,-1.8828768,2.1966896,8.394492399999999
0.0009262561798095703,0.5372023582458496,-1.0198916,0.0,10.6696352
0.0009250640869140625,0.5381288528442383,0.5491724,0.6276256,11.76798
0.0009255409240722656,0.539055347442627,-1.1767979999999998,0.0,10.0420096
0.0009257793426513672,0.5399820804595947,-0.0784532,-1.1767979999999998,12.2386992
0.0009257793426513672,0.5409088134765625,1.4121576,0.0,10.591182
0.0009260177612304688,0.5418357849121094,-0.0784532,0.9414384,7.453054
0.0009260177612304688,0.5427627563476562,-1.8828768,1.0198916,10.0420096
0.0009257793426513672,0.543689489364624,-0.0784532,-0.8629851999999999,12.552512
0.0009257793426513672,0.5446162223815918,-0.9414384,0.0,10.0420096
0.0009260177612304688,0.5455431938171387,-0.4707192,-1.0198916,12.552512
0.0009253025054931641,0.5464694499969482,0.3138128,0.0,10.9049948
0.0009260177612304688,0.5474014282226562,0.0,0.6276256,8.316039199999999
0.0009284019470214844,0.5483310222625732,-0.0784532,1.1767979999999998,10.0420096
0.0009233951568603516,0.54925537109375,-1.3337044,0.0,7.9237732
0.0009233951568603516,0.5501797199249268,0.7060788,0.6276256,10.3558224
0.0009233951568603516,0.5511043071746826,-0.6276256,0.0,10.7480884
0.0009248256683349609,0.552030086517334,0.0,0.0,11.846433199999998
0.000934600830078125,0.5529661178588867,0.6276256,0.3138128,8.7083052
0.0009279251098632812,0.5538971424102783,-0.8629851999999999,0.0,11.2972608
0.0009257793426513672,0.5548238754272461,0.0,1.4121576,9.9635564
0.0009262561798095703,0.5557510852813721,-1.8828768,0.0784532,10.0420096
0.0009386539459228516,0.5566906929016113,-0.4707192,0.0,10.9049948
0.0009262561798095703,0.5576181411743164,-1.96133,1.6475172,8.9436648
0.0009257793426513672,0.5585448741912842,0.0,0.0,11.2972608
0.0009257793426513672,0.559471607208252,0.1569064,1.2552512,10.3558224
0.0009255409240722656,0.5603981018066406,-1.1767979999999998,0.0,10.0420096
0.0009264945983886719,0.5613255500793457,-0.0784532,-0.3138128,10.9049948
0.0009253025054931641,0.5622518062591553,0.5491724,1.2552512,8.7083052
0.0009250640869140625,0.5631780624389648,-1.3337044,0.9414384,8.5513988
0.0009260177612304688,0.5641052722930908,-1.8828768,0.8629851999999999,10.0420096
0.0009253025054931641,0.5650317668914795,-0.0784532,-0.6276256,12.2386992
0.0009253025054931641,0.5659580230712891,-1.0198916,0.0,10.0420096
0.0009257793426513672,0.566885232925415,-0.3138128,-1.3337044,12.552512
0.0009307861328125,0.567816972732544,0.3138128,-1.0983448,11.2972608
0.0009255409240722656,0.5687434673309326,-1.4121576,0.392266,9.571290399999999
0.0009279251098632812,0.5696725845336914,-0.2353596,1.4906107999999998,10.0420096
0.0009250640869140625,0.570598840713501,-1.1767979999999998,0.0,8.4729456
0.0009264945983886719,0.571533203125,0.1569064,0.0,10.5127288
0.0009286403656005859,0.5724630355834961,0.784532,1.569064,9.649743599999999
0.0009264945983886719,0.5733909606933594,-1.2552512,-0.392266,11.2972608
0.0009257793426513672,0.5743179321289062,0.0,0.0,9.80665
0.0009253025054931641,0.5752441883087158,-0.1569064,0.3138128,9.022118
0.0009260177612304688,0.576171875,0.0,0.2353596,11.76798
0.0009257793426513672,0.5770988464355469,0.0,1.2552512,9.571290399999999
0.0009257793426513672,0.5780258178710938,-1.96133,0.0,10.0420096
0.0009255409240722656,0.5789527893066406,-1.2552512,-1.3337044,12.552512
0.0009262561798095703,0.5798799991607666,0.6276256,0.0,9.9635564
0.0009257793426513672,0.5808067321777344,0.0,1.2552512,10.0420096
0.0009257793426513672,0.5817339420318604,0.2353596,0.3138128,11.2188076
0.0009262561798095703,0.5826611518859863,-0.9414384,2.1966896,9.3359308
0.0009262561798095703,0.5835883617401123,-1.8828768,0.2353596,11.2972608
0.0009264945983886719,0.5845158100128174,0.6276256,-1.0198916,10.983448000000001
0.0009257793426513672,0.5854425430297852,0.0,1.3337044,8.7083052
0.0009260177612304688,0.586369514465332,-0.4707192,1.0983448,10.198916
0.0009257793426513672,0.5872962474822998,0.0,0.0,10.277369199999999
0.0009307861328125,0.5882279872894287,-1.96133,1.1767979999999998,10.0420096
0.0009291172027587891,0.589158296585083,-1.4906107999999998,0.1569064,8.7867584
0.0009245872497558594,0.5900840759277344,-0.9414384,-0.7060788,10.8265416
0.0009238719940185547,0.5910089015960693,0.0784532,0.3138128,11.924886399999998
0.0009250640869140625,0.591935396194458,-0.0784532,-1.1767979999999998,12.552512
0.0009279251098632812,0.5928645133972168,-0.0784532,0.1569064,11.2972608
0.0009264945983886719,0.5937919616699219,0.0,0.0,9.9635564
0.0009324550628662109,0.5947253704071045,-1.569064,1.8828768,8.394492399999999
0.000926971435546875,0.5956532955169678,-0.0784532,1.2552512,9.8851032
0.0009279251098632812,0.5965824127197266,-0.784532,0.0,11.1403544
0.0009272098541259766,0.5975103378295898,0.0,1.4906107999999998,10.591182
0.0009264945983886719,0.5984377861022949,0.0,0.0,10.1204628
0.0009262561798095703,0.5993654727935791,-1.0198916,1.8828768,8.7867584
0.0009267330169677734,0.6002931594848633,-2.1182364,0.3138128,10.3558224
0.0009262561798095703,0.6012203693389893,0.0,0.0,10.3558224
0.0009264945983886719,0.6021478176116943,0.0,1.569064,8.7867584
0.0009257793426513672,0.6030747890472412,0.0784532,0.0,11.2188076
0.0009264945983886719,0.6040022373199463,-0.6276256,2.0397832,9.649743599999999
0.000926971435546875,0.6049304008483887,-2.1966896,0.2353596,11.2972608
0.0009262561798095703,0.6058576107025146,1.2552512,-1.0198916,11.1403544
0.0009264945983886719,0.6067850589752197,0.0,1.3337044,8.394492399999999
0.0009272098541259766,0.6077132225036621,-0.392266,0.0,12.552512
0.0009253025054931641,0.6086394786834717,-0.9414384,0.1569064,10.0420096
0.00092315673828125,0.6095635890960693,-1.8044235999999998,0.0784532,10.6696352
0.0009233951568603516,0.6104884147644043,-1.96133,0.7060788,10.198916
0.00092315673828125,0.611412763595581,-1.6475172,0.2353596,10.198916
0.0009255409240722656,0.6123394966125488,-1.0983448,0.2353596,10.0420096
0.0009267330169677734,0.613267183303833,0.0,0.7060788,10.0420096
0.0009262561798095703,0.6141946315765381,-1.569064,0.2353596,9.414383999999998
0.0009267330169677734,0.6151223182678223,1.2552512,0.0,10.5127288
0.0009267330169677734,0.6160502433776855,-0.392266,1.569064,8.394492399999999
0.000926971435546875,0.6169781684875488,-1.8044235999999998,-0.5491724,11.2188076
0.0009262561798095703,0.6179053783416748,0.0,0.3138128,9.2574776
0.0009272098541259766,0.6188385486602783,-0.392266,0.2353596,10.4342756
0.0009284019470214844,0.6197681427001953,-0.4707192,-0.7060788,11.924886399999998
0.0009264945983886719,0.6206958293914795,1.1767979999999998,1.2552512,9.649743599999999
0.0009264945983886719,0.6216232776641846,-1.3337044,0.6276256,8.7867584
0.0009262561798095703,0.6225504875183105,-0.6276256,0.4707192,10.3558224
0.0009262561798095703,0.6234776973724365,-0.0784532,1.2552512,9.1790244
0.0009264945983886719,0.6244053840637207,-0.392266,0.6276256,11.2972608
0.0009255409240722656,0.6253321170806885,0.5491724,0.0,8.0806796
0.0009267330169677734,0.6262600421905518,-1.3337044,0.3138128,8.1591328
0.0009458065032958984,0.6272077560424805,0.0,-0.8629851999999999,10.983448000000001
0.0009298324584960938,0.6281404495239258,-1.6475172,0.7060788,10.591182
0.0009260177612304688,0.6290676593780518,0.0,0.0,10.0420096
0.0009272098541259766,0.6299962997436523,-0.5491724,0.5491724,11.1403544
0.0009272098541259766,0.6309244632720947,0.3138128,1.2552512,10.591182
0.0009274482727050781,0.6318528652191162,-2.2751428,1.0983448,10.0420096
0.0009260177612304688,0.6327800750732422,0.0,-1.0198916,11.2972608
0.000926971435546875,0.6337077617645264,0.0,1.2552512,8.7083052
0.000926971435546875,0.6346356868743896,-0.9414384,0.3138128,11.2972608
0.0009264945983886719,0.6355633735656738,-0.6276256,0.0,10.0420096
0.0009264945983886719,0.6364908218383789,-1.0983448,-1.0198916,12.552512
0.0009264945983886719,0.637418270111084,0.3138128,0.0,10.983448000000001
0.0009264945983886719,0.6383457183837891,-1.0983448,1.2552512,8.629852
0.0009262561798095703,0.639272928237915,-0.4707192,0.6276256,11.2972608
0.0009272098541259766,0.6402010917663574,-0.0784532,-0.9414384,11.76798
0.0009255409240722656,0.6411278247833252,-0.0784532,0.1569064,11.924886399999998
0.0009315013885498047,0.6420607566833496,0.0,0.0,10.7480884
0.0009272098541259766,0.6429893970489502,1.2552512,0.1569064,10.3558224
0.0009264945983886719,0.6439170837402344,-0.0784532,1.2552512,9.8851032
0.0009260177612304688,0.6448440551757812,-1.0983448,0.0,11.2972608
0.0009255409240722656,0.6457705497741699,0.0,1.3337044,9.7281968
0.0009260177612304688,0.6466975212097168,-1.7259703999999998,0.5491724,8.7867584
0.0009262561798095703,0.6476247310638428,1.2552512,0.0,10.983448000000001
0.0009260177612304688,0.6485517024993896,0.2353596,0.784532,9.649743599999999
0.0009264945983886719,0.6494791507720947,-1.96133,0.784532,10.6696352
0.0009260177612304688,0.6504061222076416,0.0,0.0,10.0420096
0.0009260177612304688,0.6513330936431885,0.1569064,1.1767979999999998,10.3558224
0.000926971435546875,0.6522610187530518,0.0,0.0,11.2972608
0.0009250640869140625,0.6531872749328613,0.5491724,1.2552512,9.9635564
0.0009262561798095703,0.6541144847869873,-1.3337044,2.1966896,8.7867584
0.0009262561798095703,0.6550416946411133,-1.1767979999999998,-0.392266,11.2972608
0.0009264945983886719,0.6559696197509766,0.6276256,0.3138128,10.3558224
0.0009257793426513672,0.6568965911865234,-1.2552512,0.2353596,10.8265416
0.0009260177612304688,0.6578235626220703,1.2552512,0.9414384,9.9635564
0.0009260177612304688,0.6587505340576172,0.0,1.8828768,8.5513988
0.0009260177612304688,0.6596775054931641,-1.96133,0.5491724,10.277369199999999
0.0009260177612304688,0.66060471534729,0.0,0.0,9.9635564
0.0009264945983886719,0.6615321636199951,-1.8828768,1.4906107999999998,10.9049948
0.0009262561798095703,0.6624593734741211,0.0,0.0,10.198916
0.0009257793426513672,0.6633861064910889,0.5491724,1.569064,9.414383999999998
0.0009272098541259766,0.6643142700195312,-1.6475172,1.2552512,8.7867584
0.0009257793426513672,0.6652412414550781,-1.2552512,-0.784532,10.9049948
0.000926971435546875,0.6661741733551025,-0.1569064,0.3138128,11.924886399999998
0.0009255409240722656,0.6671009063720703,-0.1569064,0.6276256,10.0420096
0.0009264945983886719,0.6680285930633545,-0.6276256,0.0,11.924886399999998
0.0009262561798095703,0.6689558029174805,0.6276256,-1.0983448,11.1403544
0.0009255409240722656,0.6698825359344482,-0.0784532,1.2552512,8.0806796
0.0009264945983886719,0.6708102226257324,-1.2552512,1.0198916,8.7867584
0.0009260177612304688,0.6717371940612793,-0.0784532,-0.8629851999999999,12.552512
0.0009379386901855469,0.6726760864257812,-0.9414384,0.5491724,11.2972608
0.0009236335754394531,0.6736009120941162,0.4707192,0.6276256,11.2188076
0.0009233951568603516,0.6745254993438721,0.9414384,0.784532,9.9635564
0.0009224414825439453,0.6754491329193115,0.3138128,0.6276256,10.0420096
0.0009257793426513672,0.6763758659362793,-0.0784532,1.0198916,10.6696352
0.0009281635284423828,0.6773049831390381,-1.6475172,0.0,8.7867584
0.0009260177612304688,0.6782324314117432,0.8629851999999999,1.8828768,8.7083052
0.000926971435546875,0.6791603565216064,0.0,1.1767979999999998,8.8652116
0.000926971435546875,0.6800882816314697,0.6276256,0.0784532,11.2972608
0.0009257793426513672,0.6810150146484375,1.1767979999999998,0.784532,10.198916
0.0009262561798095703,0.6819422245025635,-1.6475172,0.5491724,10.0420096
0.0009260177612304688,0.6828691959381104,0.0,0.3138128,10.0420096
0.0009262561798095703,0.6837964057922363,0.0,1.1767979999999998,8.1591328
0.0009264945983886719,0.6847238540649414,0.0,0.0,10.6696352
0.0009260177612304688,0.6856515407562256,0.784532,0.3138128,10.198916
0.0009264945983886719,0.6865789890289307,-1.3337044,0.9414384,10.3558224
0.0009262561798095703,0.6875059604644775,-1.8828768,0.0,10.0420096
0.0009355545043945312,0.6884427070617676,0.7060788,1.6475172,10.0420096
0.0009465217590332031,0.6893906593322754,-0.0784532,-1.0198916,11.924886399999998
0.0009279251098632812,0.6903197765350342,0.0,0.6276256,9.8851032
0.0009264945983886719,0.6912477016448975,-1.6475172,1.6475172,8.7867584
0.0009267330169677734,0.6921753883361816,0.1569064,0.0,11.1403544
0.0009257793426513672,0.6931021213531494,-0.0784532,1.569064,9.3359308
0.0009260177612304688,0.6940293312072754,0.0,0.0,10.0420096
0.0009260177612304688,0.6949563026428223,0.5491724,1.2552512,8.7083052
0.0009267330169677734,0.6958837509155273,-0.7060788,1.4121576,8.0806796
0.0009257793426513672,0.6968107223510742,-1.0983448,-0.6276256,10.0420096
0.0009257793426513672,0.697737455368042,0.1569064,0.2353596,10.0420096
0.0009257793426513672,0.6986644268035889,-0.0784532,1.2552512,8.7083052
0.0009255409240722656,0.6995909214019775,0.0,0.6276256,11.2972608
0.0009257793426513672,0.7005176544189453,-0.0784532,0.0,9.2574776
0.0009260177612304688,0.7014446258544922,-0.8629851999999999,0.6276256,7.9237732
0.0009255409240722656,0.7023708820343018,-1.4121576,0.2353596,10.0420096
0.0009262561798095703,0.7032978534698486,-0.0784532,0.6276256,11.924886399999998
0.0009262561798095703,0.7042250633239746,-0.0784532,-0.9414384,9.9635564
0.0009257793426513672,0.7051517963409424,-0.0784532,0.0784532,11.924886399999998
0.0009262561798095703,0.7060790061950684,0.0,0.0,10.277369199999999
0.0009260177612304688,0.7070057392120361,-1.2552512,1.8828768,8.0806796
0.0009260177612304688,0.7079324722290039,-1.96133,0.0,10.0420096
0.0009307861328125,0.7088980674743652,-0.0784532,-0.0784532,12.552512
0.0009291172027587891,0.7098286151885986,-0.0784532,1.0983448,8.394492399999999
0.0009262561798095703,0.7107560634613037,0.4707192,1.0198916,10.3558224
0.0009262561798095703,0.7116832733154297,0.2353596,0.3138128,7.453054
0.0009267330169677734,0.7126109600067139,-1.3337044,0.0784532,8.7867584
0.0009276866912841797,0.7135446071624756,-1.96133,2.4320492,8.4729456
0.0009264945983886719,0.7144725322723389,-0.5491724,-0.3138128,9.9635564
0.0009257793426513672,0.7153995037078857,0.3138128,1.8828768,9.1790244
0.0009262561798095703,0.7163267135620117,-0.6276256,0.0,11.454167199999999
0.0009260177612304688,0.7172536849975586,0.5491724,1.8828768,9.80665
0.0009262561798095703,0.7181808948516846,-1.3337044,1.2552512,8.9436648
0.0009257793426513672,0.7191076278686523,-1.6475172,-0.2353596,10.9049948
0.0009262561798095703,0.7200350761413574,0.4707192,0.0,9.9635564
0.0009257793426513672,0.7209618091583252,-1.8828768,1.3337044,11.1403544
0.0009264945983886719,0.7218892574310303,0.0,0.0,10.1204628
0.0009260177612304688,0.7228162288665771,-0.7060788,1.8828768,8.7867584
0.0009262561798095703,0.723743200302124,-2.2751428,0.784532,10.0420096
0.0009379386901855469,0.7246823310852051,1.569064,0.0,10.983448000000001
0.000926971435546875,0.7256102561950684,-1.3337044,1.1767979999999998,8.7867584
0.0009260177612304688,0.7265372276306152,0.0,0.1569064,10.0420096
0.0009264945983886719,0.7274644374847412,0.0,1.1767979999999998,7.609960399999999
0.000926971435546875,0.7283926010131836,0.0,-0.7060788,10.0420096
0.0009255409240722656,0.7293193340301514,1.2552512,0.0,11.2972608
0.0009267330169677734,0.7302472591400146,-0.392266,1.0198916,10.3558224
0.0009262561798095703,0.7311744689941406,-1.8828768,0.0,10.0420096
0.0009264945983886719,0.7321019172668457,0.6276256,1.4906107999999998,9.571290399999999
0.0009248256683349609,0.7330279350280762,0.0,0.0,10.0420096
0.000926971435546875,0.7339560985565186,0.6276256,0.0,11.924886399999998
0.0009264945983886719,0.7348835468292236,0.0,2.1966896,8.7867584
0.0009274482727050781,0.7358121871948242,-1.4121576,0.2353596,11.2972608
0.0009315013885498047,0.7367446422576904,0.6276256,0.3138128,10.591182
0.0009279251098632812,0.7376735210418701,-0.784532,0.0,10.0420096
0.0009267330169677734,0.7386012077331543,-1.0983448,-1.0198916,12.552512
0.0009262561798095703,0.7395284175872803,0.3138128,0.0,10.591182
0.0009262561798095703,0.7404553890228271,-1.0983448,1.2552512,8.7867584
0.0009264945983886719,0.7413825988769531,-0.784532,1.2552512,11.2972608
0.0009260177612304688,0.7423098087310791,-0.0784532,0.0,11.2188076
0.0009260177612304688,0.743236780166626,-0.1569064,0.0,12.552512
0.0009267330169677734,0.7441647052764893,-0.6276256,-1.2552512,11.1403544
0.0009250640869140625,0.7450907230377197,0.0,1.8828768,8.7083052
0.0009260177612304688,0.7460176944732666,-1.6475172,0.1569064,9.414383999999998
0.0009257793426513672,0.7469449043273926,0.4707192,-0.0784532,12.552512
0.0009262561798095703,0.7478725910186768,-0.5491724,0.3138128,8.7867584
0.0009253025054931641,0.7487990856170654,-0.0784532,-0.7060788,12.2386992
0.0009257793426513672,0.7497260570526123,0.6276256,0.0,10.7480884
0.0009257793426513672,0.7506530284881592,-0.0784532,0.6276256,7.9237732
0.0009260177612304688,0.7515802383422852,-1.8828768,0.784532,10.0420096
0.0009264945983886719,0.7525076866149902,-0.0784532,-0.6276256,12.3956056
0.0009264945983886719,0.7534351348876953,-0.9414384,0.6276256,10.3558224
0.0009262561798095703,0.7543623447418213,-0.0784532,-1.2552512,11.454167199999999
0.0009257793426513672,0.7552893161773682,-0.0784532,0.3138128,8.394492399999999
0.0009262561798095703,0.7562167644500732,-1.8044235999999998,1.2552512,9.2574776
0.0009257793426513672,0.7571432590484619,-0.4707192,0.6276256,11.924886399999998
0.0009260177612304688,0.7580702304840088,-0.0784532,0.0,9.9635564
0.0009255409240722656,0.7589969635009766,-0.0784532,0.1569064,12.552512
0.0009267330169677734,0.7599246501922607,-0.6276256,0.0,10.983448000000001
0.000926971435546875,0.760857343673706,0.0,0.0,10.6696352
0.0009264945983886719,0.7617847919464111,1.1767979999999998,1.2552512,10.1204628
0.0009260177612304688,0.762711763381958,-1.3337044,0.5491724,10.0420096
0.0009262561798095703,0.763638973236084,0.0,0.4707192,10.0420096
0.0009260177612304688,0.7645659446716309,0.0,0.8629851999999999,8.7867584
0.0009260177612304688,0.7654929161071777,0.3138128,0.0,10.6696352
0.0009260177612304688,0.7664198875427246,0.9414384,0.1569064,10.5127288
0.0009262561798095703,0.7673470973968506,-0.7060788,0.6276256,9.8851032
0.0009272098541259766,0.7682754993438721,-1.569064,0.0,10.0420096
0.0009255409240722656,0.7692019939422607,0.6276256,1.4906107999999998,10.0420096
0.0009264945983886719,0.7701294422149658,0.0,0.0,11.2972608
0.0009262561798095703,0.7710566520690918,0.9414384,0.6276256,11.2188076
0.0009267330169677734,0.7719841003417969,-0.8629851999999999,2.1966896,8.7867584
0.0009255409240722656,0.7729105949401855,-1.3337044,-0.392266,11.2972608
0.0009260177612304688,0.7738375663757324,0.6276256,0.1569064,10.5127288
0.0009262561798095703,0.7747647762298584,-1.0983448,0.2353596,10.6696352
0.0009264945983886719,0.7756922245025635,1.2552512,0.3138128,10.8265416
0.0009260177612304688,0.7766194343566895,0.2353596,1.8828768,8.4729456
0.0009262561798095703,0.7775466442108154,-1.96133,0.9414384,10.198916
0.0009257793426513672,0.7784736156463623,0.0,0.0,10.8265416
0.0009262561798095703,0.7794013023376465,0.0,1.2552512,10.5127288
0.0009264945983886719,0.7803287506103516,0.0,0.0,10.0420096
0.0009260177612304688,0.7812557220458984,0.4707192,1.569064,8.9436648
0.0009264945983886719,0.7821831703186035,-1.96133,1.2552512,9.022118
0.0009262561798095703,0.7831106185913086,0.0,-0.7060788,10.9049948
0.0009317398071289062,0.784043550491333,0.0,1.2552512,8.7867584
0.0009276866912841797,0.7849721908569336,-0.5491724,0.0784532,10.0420096
0.0009262561798095703,0.7858998775482178,-0.0784532,-0.8629851999999999,12.2386992
0.0009264945983886719,0.7868273258209229,1.1767979999999998,0.6276256,9.9635564
0.0009386539459228516,0.7877671718597412,-1.3337044,0.9414384,8.8652116
0.0009272098541259766,0.7886955738067627,0.6276256,0.2353596,9.022118
0.0009262561798095703,0.7896227836608887,-0.3138128,1.2552512,10.0420096
0.0009264945983886719,0.7905502319335938,0.2353596,0.1569064,10.591182
0.0009262561798095703,0.7914774417877197,-1.0198916,0.784532,10.0420096
0.0009267330169677734,0.7924051284790039,-1.2552512,0.0,11.924886399999998
0.0009248256683349609,0.7933311462402344,1.2552512,0.0,10.983448000000001
0.0009260177612304688,0.7942583560943604,0.0,1.4121576,8.8652116
0.0009260177612304688,0.7951853275299072,-0.784532,0.4707192,11.2972608
0.0009264945983886719,0.7961127758026123,-0.6276256,0.0,10.1204628
0.0009250640869140625,0.7970387935638428,-1.8044235999999998,0.2353596,10.3558224
0.0009264945983886719,0.797966480255127,-0.9414384,-1.3337044,11.924886399999998
0.0009255409240722656,0.7988932132720947,0.0,0.0,9.7281968
0.0009262561798095703,0.7998208999633789,0.0784532,0.6276256,9.022118
0.0009255409240722656,0.8007476329803467,1.2552512,0.4707192,11.6895268
0.0009379386901855469,0.8016889095306396,-0.3138128,1.2552512,9.3359308
0.0009291172027587891,0.8026275634765625,-0.0784532,-0.9414384,9.8851032
0.0009262561798095703,0.8035545349121094,-1.3337044,0.6276256,8.237585999999999
0.0009264945983886719,0.8044819831848145,0.0,-0.784532,10.6696352
0.0009260177612304688,0.8054089546203613,-0.0784532,1.4906107999999998,10.3558224
0.0009257793426513672,0.8063359260559082,-1.6475172,0.1569064,7.9237732
0.0009260177612304688,0.8072628974914551,0.8629851999999999,1.2552512,9.7281968
0.0009276866912841797,0.8081967830657959,0.6276256,0.6276256,10.983448000000001
0.0009260177612304688,0.8091237545013428,0.2353596,1.96133,8.4729456
0.0009260177612304688,0.8100507259368896,-1.96133,0.784532,10.0420096
0.0009260177612304688,0.8109784126281738,0.0,0.0,11.1403544
0.0009260177612304688,0.8119058609008789,0.0,1.3337044,10.6696352
0.0009248256683349609,0.8128316402435303,-1.8828768,0.0784532,10.0420096
0.0009253025054931641,0.813758134841919,1.0983448,0.6276256,10.0420096
0.0009260177612304688,0.814685583114624,-0.0784532,1.569064,8.394492399999999
0.0009262561798095703,0.8156132698059082,-1.96133,0.0,11.2188076
0.0009257793426513672,0.816540002822876,0.0,0.0,10.0420096
0.0009653568267822266,0.817507266998291,-0.0784532,1.1767979999999998,10.6696352
0.0010027885437011719,0.8185126781463623,-0.0784532,-0.9414384,11.532620399999999
0.0009479522705078125,0.8194625377655029,-0.8629851999999999,0.3138128,11.76798
0.0009322166442871094,0.8203961849212646,0.3138128,0.9414384,10.0420096
0.0009829998016357422,0.8213813304901123,0.0,0.5491724,10.3558224
0.0009486675262451172,0.822331428527832,-0.0784532,0.0,8.394492399999999
0.0009264945983886719,0.8232591152191162,0.6276256,0.0,12.081792799999999
0.0009305477142333984,0.824190616607666,0.4707192,1.8828768,10.0420096
0.0009293556213378906,0.8251216411590576,0.0,0.9414384,8.5513988
0.000926971435546875,0.8260498046875,-0.4707192,0.0,11.6110736
0.0009279251098632812,0.8269789218902588,-0.6276256,0.1569064,10.0420096
0.0009262561798095703,0.8279061317443848,-0.6276256,-1.0198916,12.552512
0.0009255409240722656,0.8288331031799316,0.3138128,0.0,10.5127288
0.0009284019470214844,0.8297624588012695,-0.9414384,1.2552512,8.7083052
0.0009293556213378906,0.8306930065155029,0.0784532,0.8629851999999999,10.3558224
0.0009257793426513672,0.8316383361816406,-1.4906107999999998,0.0,8.9436648
0.0009300708770751953,0.8325695991516113,0.1569064,1.8044235999999998,9.414383999999998
0.0009267330169677734,0.8334975242614746,0.0,0.1569064,10.6696352
0.0009262561798095703,0.8344247341156006,0.784532,0.6276256,10.9049948
0.0009264945983886719,0.8353524208068848,-0.784532,2.3535959999999996,8.7867584
0.000926971435546875,0.836280345916748,-1.1767979999999998,-0.392266,11.454167199999999
0.000926971435546875,0.8372082710266113,0.784532,1.2552512,9.649743599999999
0.0009264945983886719,0.8381357192993164,-1.0983448,0.0,11.2188076
0.0009260177612304688,0.8390626907348633,0.5491724,1.8828768,9.3359308
0.0009262561798095703,0.8399903774261475,-0.8629851999999999,1.0983448,8.9436648
0.0009253025054931641,0.8409168720245361,-1.4121576,-0.7060788,10.6696352
0.0009253025054931641,0.8418433666229248,0.4707192,0.0,9.9635564
0.0009260177612304688,0.8427703380584717,-1.8828768,1.4121576,11.2188076
0.0009260177612304688,0.8436975479125977,-1.7259703999999998,0.0,10.3558224
0.0009257793426513672,0.8446245193481445,0.5491724,1.8828768,9.414383999999998
0.0009257793426513672,0.8455517292022705,-1.3337044,1.0983448,8.8652116
0.0009260177612304688,0.8464789390563965,-1.8044235999999998,-0.6276256,11.2188076
0.0009248256683349609,0.8474044799804688,0.0,0.0,9.571290399999999
0.0009264945983886719,0.8483321666717529,-0.4707192,1.1767979999999998,11.2972608
0.0009264945983886719,0.8492598533630371,0.0,0.0,11.76798
0.0009276866912841797,0.8501884937286377,0.0,1.8828768,9.649743599999999
0.0009276866912841797,0.8511173725128174,-1.2552512,-0.0784532,10.6696352
0.0009264945983886719,0.8520448207855225,0.0,0.4707192,9.9635564
0.0009267330169677734,0.8529722690582275,-0.4707192,1.569064,10.0420096
0.0009262561798095703,0.8538997173309326,0.0,0.0,10.591182
0.0009264945983886719,0.8548269271850586,-1.3337044,1.4906107999999998,9.1005712
0.0009286403656005859,0.8557829856872559,-0.7060788,0.9414384,8.394492399999999
0.0009253025054931641,0.8567094802856445,0.0,-0.9414384,11.2972608
0.0009260177612304688,0.8576366901397705,0.6276256,0.5491724,10.0420096
0.0009262561798095703,0.8585638999938965,-1.3337044,1.0198916,8.237585999999999
0.0009260177612304688,0.8594908714294434,0.3138128,1.1767979999999998,9.414383999999998
0.0009272098541259766,0.8604192733764648,0.0,0.7060788,7.609960399999999
0.0009257793426513672,0.8613460063934326,0.0,0.0,11.2972608
0.0009260177612304688,0.8622729778289795,0.6276256,0.3138128,10.0420096
0.0009264945983886719,0.8632006645202637,-1.3337044,1.0198916,9.1005712
0.0009260177612304688,0.8641281127929688,0.0,0.0,10.0420096
0.0009255409240722656,0.8650546073913574,0.0784532,1.1767979999999998,8.7867584
0.0009257793426513672,0.8659820556640625,0.0,0.2353596,10.6696352
0.0009262561798095703,0.8669092655181885,1.2552512,0.3138128,10.6696352
0.0009267330169677734,0.8678369522094727,0.5491724,1.2552512,10.0420096
0.0009257793426513672,0.8687636852264404,-1.2552512,0.0784532,10.3558224
0.0009257793426513672,0.8696904182434082,0.0,0.784532,9.571290399999999
0.0009257793426513672,0.8706176280975342,-1.569064,0.5491724,9.1005712
0.0009257793426513672,0.871544361114502,1.2552512,0.0,10.6696352
0.0009260177612304688,0.8724713325500488,0.784532,0.3138128,9.8851032
0.0009262561798095703,0.8733985424041748,-1.3337044,0.8629851999999999,10.3558224
0.0009264945983886719,0.8743259906768799,-1.569064,0.0,9.414383999999998
0.0009260177612304688,0.8752529621124268,0.1569064,1.8044235999999998,10.0420096
0.000926971435546875,0.87618088722229,0.0,0.0,11.2972608
0.0009253025054931641,0.8771071434020996,0.9414384,0.6276256,9.9635564
0.0009262561798095703,0.8780345916748047,0.0,1.8828768,8.7867584
0.0009403228759765625,0.8789763450622559,-1.3337044,-0.6276256,11.2188076
0.0009286403656005859,0.879906415939331,-1.569064,0.0,8.7867584
0.0009260177612304688,0.880833625793457,0.8629851999999999,1.4906107999999998,10.0420096
0.0009255409240722656,0.8817603588104248,0.0,0.0,10.0420096
0.0009255409240722656,0.8826868534088135,0.6276256,0.0,11.924886399999998
0.0009253025054931641,0.8836133480072021,0.1569064,1.2552512,10.0420096
0.0009260177612304688,0.8845405578613281,-1.3337044,1.1767979999999998,10.0420096
0.0009255409240722656,0.8854672908782959,0.0,0.0,10.0420096
0.0009257793426513672,0.8863942623138428,0.2353596,1.1767979999999998,8.5513988
0.0009262561798095703,0.887321949005127,0.0,0.5491724,10.198916
0.0009262561798095703,0.8882491588592529,1.2552512,0.0,10.8265416
0.0009255409240722656,0.8891758918762207,1.1767979999999998,1.2552512,10.0420096
0.0009257793426513672,0.8901028633117676,-1.2552512,-0.0784532,10.0420096
0.0009255409240722656,0.8910293579101562,0.0,0.784532,10.0420096
0.0009257793426513672,0.8919565677642822,0.0,1.1767979999999998,7.84532
0.0009267330169677734,0.8928842544555664,0.0,0.0,10.3558224
0.0009262561798095703,0.8938114643096924,0.6276256,0.0,10.4342756
0.0009257793426513672,0.8947381973266602,-1.3337044,0.7060788,10.0420096
0.0009257793426513672,0.8956649303436279,-1.569064,-0.7060788,9.1005712
0.0009264945983886719,0.8965921401977539,0.9414384,1.6475172,9.571290399999999
0.0009257793426513672,0.8975188732147217,0.0,0.0,10.0420096
0.0009260177612304688,0.8984460830688477,0.0,0.0,11.924886399999998
0.0009260177612304688,0.8993730545043945,0.3138128,1.2552512,10.0420096
0.000926971435546875,0.9003009796142578,-1.4121576,0.8629851999999999,10.0420096
0.0009257793426513672,0.9012277126312256,0.0,0.0,10.6696352
0.0009262561798095703,0.9021551609039307,0.0,1.1767979999999998,8.7867584
0.0009272098541259766,0.9030883312225342,-1.0198916,1.8828768,9.649743599999999
0.0009262561798095703,0.9040157794952393,-1.8044235999999998,0.2353596,10.3558224
0.0009255409240722656,0.904942512512207,0.0,-1.3337044,10.1204628
0.0009534358978271484,0.9059004783630371,0.6276256,0.0,8.7083052
0.0009293556213378906,0.9068348407745361,0.0,1.2552512,8.7867584
0.0009472370147705078,0.9077837467193604,-0.2353596,0.0,11.846433199999998
0.0009288787841796875,0.9087138175964355,0.0,0.784532,10.0420096
0.0009264945983886719,0.9096415042877197,-0.9414384,0.0,11.454167199999999
0.0009264945983886719,0.9105687141418457,-0.784532,1.8828768,8.7083052
0.0009262561798095703,0.9114959239959717,-1.6475172,0.0,10.198916
0.0009264945983886719,0.9124233722686768,-0.0784532,0.1569064,12.552512
0.0009257793426513672,0.9133501052856445,-0.8629851999999999,0.3138128,8.7867584
0.0009262561798095703,0.9142773151397705,-0.0784532,-0.6276256,11.924886399999998
0.0009260177612304688,0.9152042865753174,1.1767979999999998,0.6276256,9.649743599999999
0.0009267330169677734,0.9161319732666016,-1.3337044,0.9414384,8.394492399999999
0.0009255409240722656,0.9170587062835693,-1.569064,0.7060788,10.0420096
0.0009267330169677734,0.9179866313934326,-0.0784532,0.6276256,10.591182
0.0009262561798095703,0.9189138412475586,-0.784532,0.6276256,11.6110736
0.0009267330169677734,0.9198415279388428,-0.0784532,-1.0983448,9.492837199999999
0.0009255409240722656,0.9207680225372314,-1.3337044,0.9414384,7.609960399999999
0.0009264945983886719,0.9216954708099365,-1.7259703999999998,0.392266,10.0420096
0.0009260177612304688,0.9226224422454834,0.2353596,0.7060788,11.2972608
0.0009262561798095703,0.9235496520996094,-0.392266,0.0,8.7083052
0.0009267330169677734,0.9244773387908936,0.5491724,0.3138128,11.2972608
0.0009260177612304688,0.9254045486450195,0.0,1.8828768,7.9237732
0.0009255409240722656,0.926337718963623,-1.4121576,1.1767979999999998,9.1005712
0.0009284019470214844,0.9272670745849609,-1.96133,0.5491724,10.277369199999999
0.0009262561798095703,0.9281942844390869,0.3138128,0.0,9.9635564
0.00092315673828125,0.9291186332702637,-1.8828768,1.4906107999999998,11.2188076
0.0009233951568603516,0.9300432205200195,0.0,0.0784532,10.0420096
0.0009226799011230469,0.9309673309326172,0.0,0.0,10.6696352
